{"cameraMode":{"drawMode":0,"name":"Shaded","section":"Shading Mode"},"sceneLighting":false,"audioPlay":false,"sceneViewState":{"showFog":true,"showMaterialUpdate":true,"showSkybox":true,"showFlares":true,"showImageEffects":true,"showParticleSystems":true},"in2DMode":false,"pivot":{"x":20.0,"y":3.241408348083496,"z":-227.24876403808595},"rotation":{"x":-0.3575415313243866,"y":-0.40699586272239687,"z":0.17709137499332429,"w":-0.8216794729232788},"size":50.07209396362305,"orthographic":false}