{"cameraMode":{"drawMode":0,"name":"Shaded","section":"Shading Mode"},"sceneLighting":false,"audioPlay":false,"sceneViewState":{"showFog":true,"showMaterialUpdate":true,"showSkybox":true,"showFlares":true,"showImageEffects":true,"showParticleSystems":true},"in2DMode":false,"pivot":{"x":3.6230106353759767,"y":2.0284290313720705,"z":-3.23752498626709},"rotation":{"x":0.40538525581359866,"y":-0.0646383985877037,"z":0.02875145711004734,"w":0.9114044308662415},"size":7.939245223999023,"orthographic":false}