{"cameraMode":{"drawMode":0,"name":"Shaded","section":"Shading Mode"},"sceneLighting":true,"audioPlay":false,"sceneViewState":{"showFog":true,"showMaterialUpdate":true,"showSkybox":true,"showFlares":true,"showImageEffects":true,"showParticleSystems":true},"in2DMode":false,"pivot":{"x":23.319913864135743,"y":1.3194091320037842,"z":-91.01842498779297},"rotation":{"x":0.4074688255786896,"y":0.36816075444221499,"z":-0.18401844799518586,"w":0.8152080178260803},"size":151.875732421875,"orthographic":false}