{"cameraMode":{"drawMode":0,"name":"Shaded","section":"Shading Mode"},"sceneLighting":true,"audioPlay":false,"sceneViewState":{"showFog":true,"showMaterialUpdate":true,"showSkybox":true,"showFlares":true,"showImageEffects":true,"showParticleSystems":true},"in2DMode":false,"pivot":{"x":157.59844970703126,"y":570.4155883789063,"z":-417.7745056152344},"rotation":{"x":-0.5094151496887207,"y":-0.09179775416851044,"z":0.05476091802120209,"w":-0.8538563847541809},"size":57.7732048034668,"orthographic":false}