{"cameraMode":{"drawMode":0,"name":"Shaded","section":"Shading Mode"},"sceneLighting":true,"audioPlay":false,"sceneViewState":{"showFog":true,"showMaterialUpdate":true,"showSkybox":true,"showFlares":true,"showImageEffects":true,"showParticleSystems":true},"in2DMode":false,"pivot":{"x":55.52058410644531,"y":18.611480712890626,"z":118.85679626464844},"rotation":{"x":-0.26560157537460329,"y":-0.7005411386489868,"z":0.32121261954307558,"w":-0.5792412757873535},"size":253.09197998046876,"orthographic":false}