{"cameraMode":{"drawMode":0,"name":"Shaded","section":"Shading Mode"},"sceneLighting":false,"audioPlay":false,"sceneViewState":{"showFog":true,"showMaterialUpdate":true,"showSkybox":true,"showFlares":true,"showImageEffects":true,"showParticleSystems":true},"in2DMode":false,"pivot":{"x":4387.98095703125,"y":5192.76708984375,"z":-3384.98046875},"rotation":{"x":-0.09303286671638489,"y":0.8924859762191773,"z":-0.21558277308940888,"w":-0.3851463794708252},"size":7.939377784729004,"orthographic":false}