{"cameraMode":{"drawMode":0,"name":"Shaded","section":"Shading Mode"},"sceneLighting":true,"audioPlay":false,"sceneViewState":{"showFog":true,"showMaterialUpdate":true,"showSkybox":true,"showFlares":true,"showImageEffects":true,"showParticleSystems":true},"in2DMode":false,"pivot":{"x":23.299999237060548,"y":14.0,"z":-119.80000305175781},"rotation":{"x":-0.5109013319015503,"y":-0.23375524580478669,"z":0.14668338000774384,"w":-0.8141390085220337},"size":28.540935516357423,"orthographic":false}