{"cameraMode":{"drawMode":0,"name":"Shaded","section":"Shading Mode"},"sceneLighting":true,"audioPlay":false,"sceneViewState":{"showFog":true,"showMaterialUpdate":true,"showSkybox":true,"showFlares":true,"showImageEffects":true,"showParticleSystems":true},"in2DMode":false,"pivot":{"x":23.319913864135743,"y":1.3194091320037842,"z":-90.82008361816406},"rotation":{"x":-0.09303286671638489,"y":0.8924859762191773,"z":-0.21558277308940888,"w":-0.3851463794708252},"size":38.15849685668945,"orthographic":false}