{"cameraMode":{"drawMode":0,"name":"Shaded","section":"Shading Mode"},"sceneLighting":false,"audioPlay":false,"sceneViewState":{"showFog":true,"showMaterialUpdate":true,"showSkybox":true,"showFlares":true,"showImageEffects":true,"showParticleSystems":true},"in2DMode":false,"pivot":{"x":79.0,"y":0.24140846729278565,"z":-393.68804931640627},"rotation":{"x":-0.3575415313243866,"y":-0.40699586272239687,"z":0.17709137499332429,"w":-0.8216794729232788},"size":50.181339263916019,"orthographic":false}