{"cameraMode":{"drawMode":0,"name":"Shaded","section":"Shading Mode"},"sceneLighting":false,"audioPlay":false,"sceneViewState":{"showFog":true,"showMaterialUpdate":true,"showSkybox":true,"showFlares":true,"showImageEffects":true,"showParticleSystems":true},"in2DMode":false,"pivot":{"x":28.300006866455079,"y":-0.1388455629348755,"z":-76.2451171875},"rotation":{"x":0.001033506472595036,"y":0.9988152980804443,"z":-0.04198801890015602,"w":0.024575695395469667},"size":-0.03213095664978027,"orthographic":false}