{"cameraMode":{"drawMode":0,"name":"Shaded","section":"Shading Mode"},"sceneLighting":true,"audioPlay":false,"sceneViewState":{"showFog":true,"showMaterialUpdate":true,"showSkybox":true,"showFlares":true,"showImageEffects":true,"showParticleSystems":true},"in2DMode":false,"pivot":{"x":-982.734130859375,"y":1.2495396137237549,"z":1025.132080078125},"rotation":{"x":-0.11263317614793778,"y":0.6133130192756653,"z":-0.08894094079732895,"w":-0.7766920328140259},"size":54.320152282714847,"orthographic":false}