{"cameraMode":{"drawMode":0,"name":"Shaded","section":"Shading Mode"},"sceneLighting":false,"audioPlay":false,"sceneViewState":{"showFog":true,"showMaterialUpdate":true,"showSkybox":true,"showFlares":true,"showImageEffects":true,"showParticleSystems":true},"in2DMode":false,"pivot":{"x":2.3024353981018068,"y":2.6148459911346437,"z":-1.1355655193328858},"rotation":{"x":0.2381746768951416,"y":-0.20247110724449159,"z":0.05084126442670822,"w":0.9485217332839966},"size":14.062186241149903,"orthographic":false}