{"cameraMode":{"drawMode":0,"name":"Shaded","section":"Shading Mode"},"sceneLighting":true,"audioPlay":false,"sceneViewState":{"showFog":true,"showMaterialUpdate":true,"showSkybox":true,"showFlares":true,"showImageEffects":true,"showParticleSystems":true},"in2DMode":false,"pivot":{"x":158.73855590820313,"y":-6.8486328125,"z":150.3329315185547},"rotation":{"x":0.35644224286079409,"y":0.12307959049940109,"z":-0.04742495343089104,"w":0.9249601364135742},"size":466.561279296875,"orthographic":false}