{"cameraMode":{"drawMode":0,"name":"Shaded","section":"Shading Mode"},"sceneLighting":true,"audioPlay":false,"sceneViewState":{"showFog":true,"showMaterialUpdate":true,"showSkybox":true,"showFlares":true,"showImageEffects":true,"showParticleSystems":true},"in2DMode":false,"pivot":{"x":24.485727310180665,"y":1.5483474731445313,"z":-60.796207427978519},"rotation":{"x":0.40538525581359866,"y":-0.0646383985877037,"z":0.02875145711004734,"w":0.9114044308662415},"size":673.745361328125,"orthographic":false}