{"cameraMode":{"drawMode":0,"name":"Shaded","section":"Shading Mode"},"sceneLighting":false,"audioPlay":false,"sceneViewState":{"showFog":true,"showMaterialUpdate":true,"showSkybox":true,"showFlares":true,"showImageEffects":true,"showParticleSystems":true},"in2DMode":false,"pivot":{"x":4391.60400390625,"y":5193.98046875,"z":-3382.3916015625},"rotation":{"x":-0.09303286671638489,"y":0.8924859762191773,"z":-0.21558277308940888,"w":-0.3851463794708252},"size":19.426509857177736,"orthographic":false}