{"cameraMode":{"drawMode":0,"name":"Shaded","section":"Shading Mode"},"sceneLighting":false,"audioPlay":false,"sceneViewState":{"showFog":true,"showMaterialUpdate":true,"showSkybox":true,"showFlares":true,"showImageEffects":true,"showParticleSystems":true},"in2DMode":false,"pivot":{"x":-9.296089172363282,"y":-20.18576431274414,"z":-50.889671325683597},"rotation":{"x":0.20258410274982453,"y":-0.012651008553802967,"z":0.002617300720885396,"w":0.9791796803474426},"size":1.7117786407470704,"orthographic":false}