{"cameraMode":{"drawMode":0,"name":"Shaded","section":"Shading Mode"},"sceneLighting":false,"audioPlay":false,"sceneViewState":{"showFog":true,"showMaterialUpdate":true,"showSkybox":true,"showFlares":true,"showImageEffects":true,"showParticleSystems":true},"in2DMode":false,"pivot":{"x":41.84000015258789,"y":1.3194091320037842,"z":-89.05000305175781},"rotation":{"x":-0.04627787321805954,"y":0.47120699286460879,"z":-0.02476767636835575,"w":-0.8804594874382019},"size":3.308239698410034,"orthographic":false}