{"cameraMode":{"drawMode":0,"name":"Shaded","section":"Shading Mode"},"sceneLighting":false,"audioPlay":false,"sceneViewState":{"showFog":true,"showMaterialUpdate":true,"showSkybox":true,"showFlares":true,"showImageEffects":true,"showParticleSystems":true},"in2DMode":false,"pivot":{"x":-0.07450000941753388,"y":-0.1899999976158142,"z":0.1704925298690796},"rotation":{"x":0.21406786143779756,"y":-0.44329965114593508,"z":0.10990165919065476,"w":0.8634709119796753},"size":8.992134094238282,"orthographic":false}